mae,rmse,r2,p90_abs_error,mean_y_true,mean_y_pred,n,PULocationID
0.5794458985920135,1.8423303354115588,0.9852578886888324,0.9929997105605708,23.411956442588476,23.2619854946048,269162,79
0.8648109272313531,2.1132097297522456,0.9894411959166387,1.8586542733621592,41.13156395965151,41.0949471433647,241496,138
0.356996122324009,1.1756839567603223,0.9924493753557869,0.6471045068278016,20.548952011211444,20.508450646744123,220489,61
1.3931354797288007,2.9824293912009345,0.9856315839761027,3.5589641700293697,51.22277900583536,51.030645391295586,213526,132
0.6215077824058736,1.8176964048133386,0.9891768661131312,1.1309677325090544,25.88399147181664,25.782634125939214,205671,231
0.5921770662071413,1.7495395623655559,0.9899728907677063,1.0351942747404017,25.39021414269046,25.301252068680192,196271,68
0.6488471908837589,1.8612339432041523,0.9915327397771694,1.1858224763543663,27.918341352084873,27.829419996827752,194544,230
0.6365446552816854,2.0157280036404046,0.983455469487574,1.1341385659158902,25.20839564921822,25.01800292839132,192701,148
0.5451461143836276,1.5678085822396564,0.9912276705872183,0.9648988731483237,23.54348234472842,23.477011635156625,191954,234
0.4120839036763819,1.5079323084706662,0.9884601361950306,0.6835077867491742,21.533935596639363,21.462149104629788,189369,37
0.6125390530290099,1.820843077520769,0.9872784975906838,1.0815670211822463,23.954348421838343,23.82075293071481,187560,249
0.540380106996156,1.6656186997769111,0.9906648255628715,0.9489491944094038,24.82763896502273,24.758333609850173,180603,48
0.5510478940632252,1.5686856976220305,0.9912995562116638,0.9586947822409443,24.456940913449746,24.394355204828038,179364,246
0.5980631280466053,1.583956667478563,0.9934514067121394,1.1083401527959715,26.329551500624557,26.293615031532934,177726,161
0.5932888625233544,1.8157334527810673,0.9899171066632259,1.0504851025359059,25.12031995829371,25.038214261917755,174554,164
0.47988138649714607,1.5611126150778294,0.9888789209711202,0.8202903333669257,24.72913615510103,24.62102980965615,169799,255
0.2960229768801308,1.0921231383488903,0.9918759856893734,0.5212064435757714,17.73707940418458,17.761140178647384,167233,76
0.5234033225361865,1.5428947784972025,0.9914948012438053,0.9338649731351251,22.918946035040594,22.867902726995453,163810,170
0.30567088680532795,1.1102531622293341,0.9922976154487972,0.553167859648563,19.462824355856245,19.46259128947309,161998,7
0.4242189029780146,1.3971997619407832,0.9910266295721061,0.7193361453030498,22.841142601710633,22.786639361015673,149886,181
0.457817047654446,1.497043754532564,0.9888298149287763,0.7786712179509975,23.198920162715204,23.107565506428216,146022,256
0.5379448860983125,1.5392004474146799,0.9925428063329186,0.9648089986299482,23.694086859458004,23.67033291124837,145131,237
0.492927320297342,1.7318314629239622,0.9869349848164013,0.8074773407636225,22.90912417600011,22.75404222529554,143659,80
0.35613146873691415,1.220436876640027,0.9909487359574504,0.6220297887571707,21.695121437733537,21.635902465082534,143448,112
0.3525680418303276,1.1376508207600544,0.9927406004598963,0.643799972026264,19.92916144299097,19.922926260118413,143258,42
0.516043977605786,1.5546147986110397,0.990496838124546,0.9108753117011749,22.58552438058604,22.504600518234216,141424,107
0.5350286037575293,1.4670099349400745,0.9937992664122439,0.967288085165575,25.203361609429212,25.17476989935887,138633,162
0.6023248037607281,1.7475504694687067,0.9921500151722945,1.0983610143163864,26.052287911577178,25.99995911132228,137702,163
0.37579966452388286,1.188822850011916,0.992234484818884,0.6730631420576639,20.472147420040162,20.42513975817389,137444,17
0.375345859187755,1.2117024465140607,0.9921185851004193,0.6635778823794922,21.152709520173843,21.110852605825663,136216,225
0.42205977590076493,1.5022954986330053,0.9890548821840884,0.6879424392589532,21.726274818713883,21.61471145152871,135835,36
0.6217789118510763,1.9001546519832777,0.9857818600280301,1.1063316004002495,24.29377316508624,24.175449872720037,133930,144
0.3260775043049012,1.0268393047776958,0.9943563119336425,0.6078464677916428,19.94672117200793,19.942119691442244,128122,89
0.3559182283180409,1.14995947203127,0.9924830757244811,0.6414349836161524,21.72483283722388,21.71626229529202,127660,145
0.6396573519261701,1.9445708048265644,0.9889661182351366,1.1076517444182261,25.812776522280057,25.693510826574276,126997,186
0.539517330085625,1.6506966350361247,0.9899848554860711,0.942434781462574,23.19293797503249,23.114722113054054,126965,90
0.5146063275117204,1.570246992323803,0.9913697000827163,0.9010739916602851,24.236436293802456,24.19079215271545,126534,236
0.6267152929049092,1.949069139111015,0.9850386464665367,1.1087899481572496,23.96506342912976,23.821462992945513,123839,114
0.33903545157994525,1.0926437669991222,0.9934720979309435,0.6263419988087021,20.267636351737167,20.247254545856677,122239,188
0.2959681143653549,1.045134262598295,0.9926247531654835,0.5420361698758197,18.37987232847752,18.39703748869754,121092,129
0.6294117691150581,1.909505989360736,0.9875681755719674,1.0924013910930375,25.24144582820658,25.1243234126403,120284,158
0.3868668650721809,1.3245051633645886,0.9906746020017709,0.6862631912707093,21.47058217080925,21.47397708065951,119209,244
0.5229167649334633,1.5270286193263891,0.9923533859235059,0.9122167714187005,24.10297483304162,24.059865193722885,117694,142
0.5784887103224621,1.7118184345614023,0.9903547756909782,1.0329204742787454,27.346443745150445,27.26439060278154,115990,87
0.5536245162281205,1.6042717021511874,0.9901017620821773,0.9641476993002916,23.280942577516022,23.18963039114493,115460,113
0.4511901644313094,1.3876891300493424,0.9924132652193522,0.794327813343525,22.90491928691137,22.8906169710824,115161,141
0.3182797443419691,1.1629590979571183,0.9921154332360097,0.5553013550102976,18.144837343214515,18.156643878660212,114966,39
0.663592321558459,1.909926537561108,0.9868593445867813,1.2236922076303047,24.861207835465795,24.7605895764038,113484,211
0.5085532652924564,1.524266481395377,0.991823917152216,0.882911069036227,23.66531886024423,23.613181115099742,112024,50
0.3476331429223744,1.0878149305096547,0.9923914656297839,0.6410492528402291,19.690059475752193,19.690755883410766,111474,74
0.4574515468833157,1.3928349056866347,0.992395537276214,0.8036246474073612,22.278544125609095,22.248321789985155,110820,229
0.4846848915450087,1.4325073227383234,0.9925811227877793,0.8506902405096004,23.873487838122163,23.82257681523541,109317,239
0.2775451719031684,1.0241530690239256,0.9917908791186444,0.5120482216008547,18.03381300326692,18.051082344129064,108665,82
0.3811062498507348,1.3977066519456542,0.9904303776938356,0.6629778010492936,20.726984721876974,20.707454125412443,104594,41
0.2965036720027685,1.0633027691769021,0.9925007083548653,0.5410792082364009,18.497994864545166,18.51482554927436,103983,130
0.4374762223093465,1.3348206770289504,0.9909795810016128,0.7640533790939322,22.545070031006095,22.473057267802954,102883,97
0.4685295962342563,1.3379928710579587,0.9929369910814062,0.8550044354543158,22.307375029198788,22.273048432655767,102744,233
0.4587635991369734,1.3253152562955286,0.9916964978436754,0.8275862879418548,21.712527152031736,21.65846839957397,101834,137
0.38173480735457754,1.228609726514705,0.9918003440364986,0.6852007107795792,21.591057938556407,21.534387705428003,99571,49
0.40000738830750154,1.2222042964082465,0.9929982164044477,0.7189108742924462,22.305528396256857,22.3077647162776,99168,75
0.32133988591037455,1.240540285259702,0.9913469037691547,0.5584610426081601,20.550262521868397,20.548780926533553,98887,95
0.33190026337268375,1.165817353082492,0.9921082126153461,0.5755259627198566,20.38768807073489,20.358788380952024,96586,198
0.3072247561506363,1.1861324410507834,0.9907116926936946,0.5642693393887899,17.781104074461798,17.779733127885212,96479,35
0.29141523543233117,1.0194655575987759,0.9924266308556763,0.5358222881517528,19.458545424164257,19.470274001717137,95753,226
0.44890941290335906,1.3087885592321356,0.9933457156344748,0.79694050599647,24.014420682951304,24.011187384836425,95673,140
0.6388902179957846,1.7299458489282473,0.9919800224587315,1.1753768165369252,27.498252387276295,27.437829395563615,94878,100
0.448884602745878,1.3450931322916173,0.9925130920176872,0.7875122530604575,23.93383406696888,23.893418126378368,91326,263
0.4626503843095748,1.4615754009893218,0.9917601546830206,0.8038786451164036,23.434296523765862,23.394501253445195,90529,238
0.49002769033804566,1.5264902580944995,0.9901652594438617,0.8568382698638972,24.57495843389649,24.50543073647802,89496,25
0.4652112525213625,1.3639684198453859,0.9923597837187008,0.8231531034321182,22.37223643744618,22.336629074801312,89419,143
0.283892807128226,1.0934337108265766,0.9922225488926323,0.516632583028843,17.561214760381937,17.583314280166903,88182,216
0.3273861801385823,1.246039571425664,0.9886035133723412,0.5856633948548237,19.092810823232032,19.103503806095986,87035,168
0.3663973582551257,1.2487511716794288,0.9914135786189023,0.658692373974985,21.10449820000713,21.111587951278562,84167,243
0.3556736784320806,1.3040695060120067,0.9925017829296404,0.652847392123757,20.467398221523197,20.48626510309638,82655,14
0.2966903513783158,1.0525462818949805,0.9926852753250626,0.5514968934084502,17.645590377507123,17.639877977917095,82515,72
0.554324732579629,1.5170518931151553,0.9922163224757875,1.0101269145808935,27.191623627950133,27.10680282953002,81903,13
0.4706348928460566,1.428282007056054,0.9893388433013478,0.8307244636498559,23.16217394514379,23.089756572326365,81267,232
0.4890746112055249,1.444125109486649,0.9912057009946109,0.8631918742257538,25.764243532235167,25.700628529391583,79587,33
0.30570344125165744,1.0908803805132208,0.9930289510920185,0.5545386044269158,19.863199218503816,19.87295093954997,79335,223
0.31035741838068065,1.1245926367281072,0.9928943808861571,0.5556484104234372,18.55088090961981,18.565637326286975,79066,91
0.2766706693547967,1.0000098373094266,0.9919988989370032,0.508570982442123,17.727506923780446,17.756523646813314,77631,213
0.3021325886300916,1.0033453543007307,0.9926369742816713,0.5767600177290004,18.09990410832598,18.102727681787634,75919,69
0.38669659000918644,1.4307759926740746,0.9907876100850463,0.6554591876832105,21.26189006521108,21.25864008752327,75754,228
0.30883070243944044,1.0598646611565148,0.9934424213706097,0.5922086820485883,16.687022019902603,16.713738937962226,75568,26
0.2923057745855619,1.1018972487878094,0.9901892830852514,0.540175318697338,17.0229885945193,17.0312700379038,72509,169
0.36861276815750604,1.2537956757181528,0.9914324919606122,0.6611756523493583,20.902397498746588,20.893811921401937,71804,116
0.4077554169566439,1.4681299948491775,0.9911329161992176,0.6875730253658795,21.301064895104897,21.275744143744,71500,92
0.32790959339017844,1.0947765011643538,0.9925129436640721,0.5933771893961436,19.05040610558745,19.040579468798054,71410,177
0.3873120355700083,1.316390918250718,0.9920942666370816,0.6745459609367034,22.197815016230344,22.17264288534363,71163,166
0.3013898195279302,1.16957874143907,0.9897954073442442,0.5517371575176924,17.57949824314828,17.607883451202962,71150,18
0.5045686210404777,1.4829785540101774,0.9905506963227224,0.9045783025189855,24.992280071047958,24.90725009086233,70375,65
0.32065151322726765,1.2274627111787118,0.99121296450456,0.576212993034099,18.480149974980343,18.5091483275214,69945,254
0.3109212262105085,0.9977865362121308,0.9933551906790489,0.5784154971344977,17.83637347591733,17.837613387702124,69386,247
0.29049437259605204,1.1350479087874368,0.9909885868172129,0.5282901700601187,17.997123219633334,18.001283744342782,68455,260
0.3095562397075373,1.0792242728040968,0.9931931616097633,0.5688326536454689,18.448162455351238,18.44626795141894,68031,71
0.2795748281596432,1.1007898224608594,0.9917396825321709,0.515027056974874,17.840175607302424,17.85564878459517,67594,197
0.449192352336454,1.4537656761352629,0.9907751502945141,0.7735210325473915,23.450888291333744,23.403459060211492,65080,262
0.2986664679129689,0.9404076204849817,0.9931316630980186,0.5564590882366041,17.724456770937515,17.7377533197434,64991,235
0.3159399944349032,1.1122394577775407,0.9914304346817192,0.5671964928334986,18.56310446365973,18.587876003057147,64185,174
0.29886739629275205,1.147333367350034,0.9892025672006898,0.5457768129524461,17.288780994316408,17.30573363277033,64044,78
0.3021931762682972,1.1136110980460514,0.9933924032595444,0.544151088519726,18.973591964355506,18.978481875587228,63965,205
0.31007241084171017,1.0745667292392456,0.9912360484290211,0.5806330816152184,18.024121962402567,18.042618790129048,63249,159
0.26961400086516785,1.0892473107484986,0.9907923778263281,0.5002875020626114,17.437761389973904,17.456018723057497,61699,242
0.6438902549946546,1.779446134777731,0.990676354873724,1.2000660990392225,29.13808803368586,29.0442756352896,61272,261
0.6826127805414336,2.11609416960968,0.9860750305286403,1.1903833710650247,25.46290546000231,25.316908797408825,60641,125
0.4729346095200918,1.4947882188110715,0.9874479111092133,0.826418094741921,22.547650384744063,22.454241151641227,59780,4
0.4545841375903015,1.3810750703052552,0.9909508175500678,0.7877598457569401,24.81729132918407,24.750258027590785,58645,66
0.3035407316088753,1.0235034321404282,0.9928597156082918,0.560805688398861,18.16682261807262,18.20135284413687,58608,241
0.40799042134988783,1.420023065030011,0.9904979369264006,0.6996998735187274,22.775823142877222,22.70399398696169,56916,189
0.3015884063168712,1.053349946016378,0.9913804496949616,0.5607093223386421,17.570680214357726,17.583439666080913,56541,167
0.32859180790636733,1.1193094003399977,0.9921283622601074,0.5974563141795322,19.587942617089745,19.624374131234966,55940,51
0.3559330000244699,1.066996056372379,0.9942502305913619,0.6531336086125716,20.849631125276158,20.823235149648173,55222,62
0.32781779090378504,1.221892251840028,0.9913391272501813,0.5965805748608408,19.070131755699904,19.095081993586742,54343,220
0.34901922167090416,1.2981697150929588,0.9897281301890952,0.6158355176291551,19.832337425348374,19.84826711614401,54252,127
0.32210582712580665,1.1895672106573942,0.9914765186699779,0.5754485559845358,20.16081585601666,20.17002158392307,53784,179
0.3062035169469772,1.1569155361615795,0.9923133601858954,0.5489337476012282,18.806019648534928,18.82168034968923,52523,10
0.29139371188416324,0.9986635253468343,0.9919837706946035,0.5487004035019818,17.03320180013134,17.048361621560467,51774,47
0.31129261786975815,1.0669693396925177,0.9941410051870836,0.5723607760103939,18.160136655327047,18.17959655208469,51736,22
0.32360829211909264,1.273581253500444,0.9902338939676186,0.5675038155620552,18.97070036030772,18.999101845205804,51345,63
0.3249863506135589,1.2549774584917337,0.9881560146107911,0.584026283531855,18.035259886673334,18.043170145604833,51003,119
0.31231383722501344,1.197507358830328,0.9913360525393917,0.5475511695858092,19.578313026075698,19.59242464004974,50967,258
0.27100891680193234,1.0184621639510252,0.9933343074498685,0.5091813694025233,17.595688438214534,17.608725901534896,50295,215
0.42046470780400286,1.3093693454096489,0.992711271108762,0.7401280663133296,22.839175970335734,22.799631001803164,49622,151
0.3237522581478854,1.1658538414475388,0.9923366150377313,0.5831361281297879,19.652291616234972,19.686713693309645,49572,208
0.31004623098467826,1.1759020661531605,0.9914857717739722,0.5597681445163197,18.751258223184823,18.773376252739496,49403,185
0.3373404618652751,1.1024043047061083,0.9935099400346749,0.6097833946675867,19.653361910467495,19.654308661309912,48407,85
0.318724244646202,1.1835298499364892,0.9931948224365679,0.5844489083556716,18.74443919520938,18.75132964261537,48261,165
0.3064195556765725,1.223179016893341,0.9904631150642146,0.5496623004472007,18.30813930659983,18.329345833689896,47880,77
0.3215729096126548,1.2104013503738462,0.992892301801708,0.5688602835785734,17.72544833816547,17.75816251322211,47598,210
0.3375698408675977,1.2155185582471972,0.9923286993294076,0.6105255931400991,19.428833524245896,19.428013152762706,47142,20
0.34166270268110416,1.2477768393671458,0.9917257790691913,0.6028263950953693,19.173117990130102,19.200242310559286,46809,259
0.30258101592683423,1.0953749225778362,0.9913539095694504,0.5479297406473586,18.72822893467967,18.74718368297827,46249,56
0.35080308530849014,1.2328732907355389,0.9926737741095617,0.5955316405045764,20.18052904950799,20.20128718105987,45629,155
0.2981140563526537,1.0467017535036864,0.9947877853664179,0.5534718568792131,17.272780538211236,17.2798831882272,45484,123
0.28901333543856833,1.0195128340083548,0.9916201980704904,0.5345978427377279,17.9775246522275,18.008123001555276,45432,126
0.34503121750291565,1.4262696748762627,0.9877572129042287,0.5693527892523648,19.438266323721855,19.383773918341255,44322,157
0.41757131709669176,1.2834427485549134,0.9925000581156647,0.7244983574531542,23.303797136148074,23.258619529183456,43438,40
0.3583766681381929,1.2298734991458846,0.9923150863379385,0.6233527353501284,21.700504341703827,21.70127364052199,42610,146
0.6074251690510175,1.745745711353661,0.9904661078317453,1.1097370020238273,29.186260113071448,29.09081761923364,41036,88
0.3518922341475341,1.2086826807924953,0.9926212746305837,0.6426139746978402,20.530828983952002,20.56018853580682,41002,191
0.31213887063409557,1.1218885996384191,0.9927439773905977,0.5848356533767815,17.887940200146446,17.9223171170485,40970,81
0.49932083397039073,1.4577266618496185,0.9902760953974689,0.8826452485207987,24.031506423796625,23.96654310608189,40241,45
0.2827275526194075,0.9854672047426953,0.9918165618596783,0.5271549462429963,17.09680043438731,17.12930388785805,39596,212
0.29930403732677563,1.0462560935939575,0.9919449782172339,0.560679350139556,17.77031593615404,17.782543674455898,39470,136
0.2994408665933711,1.0088066135198737,0.9933267184471972,0.5387237739574874,19.378566210045665,19.40881944704364,39420,196
0.29972072868421057,1.0667482181758754,0.9926318760871462,0.5461886627929751,18.3257971976213,18.35422750508832,39181,32
0.2870881914321794,1.1395807421247477,0.9908079259602819,0.5217195819019989,17.618081107308853,17.64651653551935,39158,250
0.2764600295219477,0.9291368743252411,0.9929158840012118,0.529432173314566,17.353613193786945,17.38066042527793,39079,248
0.31128297042038977,1.0707445881605084,0.9941277985059392,0.5686272442375682,18.083244594906517,18.09912636638056,38991,21
0.3071322183449375,1.1530754728336292,0.9913322458503229,0.5592478413041181,18.51311499497332,18.54667277799126,38793,182
0.5609337646569912,1.6463772850322735,0.9905131560156412,0.9967474521291346,26.31388905078549,26.246861981395043,37747,209
0.27717686567869576,0.9437977763408625,0.9937245555520552,0.499522208925644,18.39609563022978,18.402901458646614,37645,102
0.4381711396850357,1.5451425024322283,0.9919586400926264,0.7597124252230727,21.876514610781655,21.91728008986387,37267,55
0.33334331851661075,1.269163624541672,0.9905339398000446,0.5928361651258911,20.441311206495886,20.46065737447523,36577,121
0.32092966792716265,1.172853232569275,0.9918042091075452,0.5858468127650674,19.72877654446801,19.748393531933708,36307,28
0.46003614444007274,1.4008018188661722,0.9901646095681315,0.8158165292323355,21.624601460256233,21.54231799850359,36295,224
0.3437491154548607,1.225422336975052,0.9912504840963191,0.5855308297451849,18.622511981166447,18.603561418355074,35681,173
0.29603758376722983,1.010789030074158,0.9916849151465081,0.5588640318008011,17.056605012770497,17.08892795357808,35629,60
0.2944991640213782,1.068514092925194,0.9940934997514654,0.539998185859643,17.242233045240845,17.257683593590613,35521,149
0.36567431211318413,1.2728986421922317,0.9926404372026549,0.6307140904634614,19.759543768545992,19.780666064503894,35048,227
0.3681682314012523,1.2407174766431124,0.9911932743399182,0.6502205656952554,20.489388206882673,20.484923479544292,34783,152
0.4125199043073453,1.4310448305750234,0.989403453898181,0.6862037402654403,21.79374955584508,21.74055295469613,33772,106
0.2993693100813186,0.9462716918040847,0.993050194909575,0.564150619144411,18.07837087401905,18.098605578467424,33386,147
0.37685103904693046,1.4994744615057278,0.9897490817437959,0.6451922842467965,20.618089911355003,20.62871280309462,33166,70
0.3126778719038914,1.1581879921024312,0.9924893714133337,0.572943150376446,19.194883586450377,19.215011404003477,32857,218
0.2674214898597005,0.8710326802749114,0.9944342718790271,0.4983673166216729,18.9414369886433,18.966301429029656,32756,160
0.295979143309364,0.9436209290837839,0.9941002842969916,0.5605809227586299,19.29753433876839,19.329445080756056,32689,134
0.3044501399782977,1.0310392814703626,0.992135283860229,0.5702308338224366,17.66410743852333,17.67454278567592,32614,94
0.2929029404626338,1.0820128610806756,0.9927756112631834,0.5405556867875405,17.69826664602044,17.727798590891705,32290,3
0.27834196631281566,0.9509884523335077,0.9934072172712732,0.5129995067556145,17.55200767263427,17.590839256671753,32062,83
0.3292610682507988,1.236920785909199,0.9918713790702997,0.599830188911172,20.047531112387517,20.05158498265459,31338,133
0.40953355218838006,1.2760680375649656,0.9914485130141074,0.6749572062934327,24.144284835733934,24.131706823270342,30895,195
0.3597762440133476,1.2716420621916487,0.9923960611093858,0.6724138179084989,20.586319989491315,20.602872828170824,30451,16
0.354053571134811,1.3314494927913691,0.9927114912870534,0.6504701279111645,18.840205063543152,18.86287446228614,30137,29
0.397389648826909,1.2072051149668708,0.9944759875434989,0.7151558193625441,24.077823081311454,24.106649850142382,29799,200
0.4806408864530612,1.4113656175450806,0.9925749696775522,0.8471326205582965,23.276023213194872,23.240399348323685,29466,43
0.32658792030190814,1.3439039125924699,0.9912322697979853,0.5319090112563224,17.994665003929075,18.03168617380609,29269,206
0.3340720103678208,1.2343154918004793,0.9913513539810034,0.5897886358073539,19.75738355974494,19.781517093851434,28856,219
0.33552261537307815,1.2566769410626002,0.9920673620497847,0.5940632006088243,18.90156922218736,18.898881663437376,28683,171
0.3246054611020585,1.1952067756918823,0.9918701012095871,0.5721876130755746,20.216278907824808,20.236694945906713,27285,135
0.32584971519687883,1.1134276517143415,0.9936506904539003,0.5966237494892497,19.075872922704427,19.08251061798086,27259,139
0.46052028725126004,1.4790627605425672,0.993688430658879,0.8193498542571445,22.988415815560227,23.036418418379082,26632,86
0.3389395933510071,1.2172279299842828,0.9922958545918228,0.585348677119427,19.384535425255766,19.404135730240352,26196,203
0.32666850303715306,1.1800839472874134,0.9926107059118905,0.611802360958012,20.331801621859146,20.35379439745364,25033,131
0.2992327062962166,1.266475547077243,0.9898901089661467,0.5302524275452212,18.194507809371245,18.221792919150317,24970,180
0.32319980239334717,1.0667151635722159,0.9946468020099382,0.6058288007257613,19.22023394163518,19.2578642281083,24878,67
0.4431735816490049,1.3391941165234547,0.9917447553077832,0.7692560501641126,24.128407790626905,24.074340139879887,24645,52
0.3676919925528054,1.3096166935869582,0.9915048595448082,0.6451936579191085,21.790476347317718,21.79314511116305,24289,257
0.3972897317484573,1.4820865690752136,0.9902045236319292,0.636635426364829,20.172756784174485,20.217736407700414,23658,23
0.40405910266395273,1.2437670470756972,0.9927026477447005,0.7119720294381078,22.04217318794099,22.004297263630804,23385,24
0.37469938636822825,1.001476724995833,0.9938658184373572,0.7089213924404771,17.210754396656796,17.28195798285256,22972,217
0.34426488230449304,1.4171513512347498,0.9909214318045201,0.6315000609396949,18.568822452442618,18.596319215211114,22394,108
0.3686591616519372,1.2478323138902443,0.9905833201046382,0.6525390800646206,21.24195893685839,21.2680609276995,21333,53
0.5389005102556466,1.7786699358840259,0.9919684280838067,0.9411199264960974,25.32066691697564,25.40299815955249,21307,117
0.344283838760187,1.200334777374572,0.9935453069002873,0.6114650284308478,20.233451373704725,20.267116156842118,21038,124
0.3323644419778062,1.2063848747622885,0.9919468872262999,0.5989502591666157,19.94520195295162,19.968554209316054,20277,193
0.3156681029699976,1.2802928191236154,0.9900986621515836,0.5716806707817214,18.592385832705354,18.628117278412383,19905,183
0.34988601307617173,1.3017794094301132,0.9925082821965688,0.6324327775593304,18.40763091258989,18.436307492453697,19746,221
0.37202738119765205,1.6039288605140365,0.9870065125626237,0.5654044360860668,17.76658268366978,17.838041739608066,19369,156
0.3874813942059909,1.4268187181659635,0.989914402617743,0.7047990736068961,21.150547318037564,21.146203322962496,19221,252
0.3411087344737182,1.2547975977935677,0.9908783359321749,0.581952921281259,18.92239852797922,18.9859665501845,18478,222
0.2938102869653094,0.9986190351820948,0.9931421381402801,0.54713142648029,19.276140066028034,19.303365181052925,18477,192
0.340202752430002,1.440430409835162,0.989139320502661,0.5929466128921531,19.958241960696743,19.97802350136898,17912,122
0.39078463482001063,1.4060901128473917,0.992160979016526,0.6989890778412899,21.54033125185846,21.567610876601872,16815,38
0.30235371397801414,1.0696796901993866,0.9945524881886192,0.5783616772885328,17.4559884102993,17.46917589095396,16739,178
0.3684321826052164,1.2421117965703214,0.9937487895757589,0.6288547599773698,21.1556052599976,21.19364255312606,16654,118
0.3723743052210064,1.494591032957772,0.9889236857610579,0.6543980098306056,19.14218262806236,19.199038364343235,16613,11
0.36651604312344616,1.2649069180992836,0.9936967875832879,0.6507106238344335,19.444992154647586,19.472641582726855,15933,150
0.2932486479791719,1.108270411528941,0.9928805764416763,0.5259306623782902,18.249683160571095,18.272600382981466,15339,73
0.2852707517505649,0.8514799299215495,0.9942423530675044,0.5434733538457669,17.039848836438374,17.065773069844248,15083,153
0.3033455056130156,0.914395589425969,0.9950914875086462,0.5637974396806802,20.44527576791809,20.47226872258284,14650,98
0.6462282405916644,2.033196359876782,0.9847659065234204,1.0878037043498883,25.70684232509572,25.46325755733265,14365,34
0.3461381303625019,1.2710099907513843,0.9914026693047748,0.5933710594374402,19.82356441405398,19.8461360092845,13747,9
0.42895768466903594,1.5098025064717917,0.9902960641764252,0.760598375697672,22.87932036559644,22.930932566680156,12801,19
0.43547503661590425,1.3953590431173521,0.9919022304397439,0.8118818178544807,24.704140495213988,24.76107709129541,12641,101
0.3562932907890583,1.4372397995208572,0.9903425120002685,0.5860861207897036,18.304859480905936,18.34711783322774,12098,115
0.3277047406112856,1.2262076671726712,0.9926680189649818,0.5428071408670103,17.75824359194908,17.78131627432426,11626,251
0.3365897555564371,1.2738476586105016,0.9930983562763553,0.5951401773019258,18.425953391665946,18.47084129906494,11543,245
0.39448464326489335,1.3276613406501088,0.9924845531559219,0.6653507293216004,20.97518664563617,21.042173101373486,11412,214
0.36124215886550554,1.200731991294175,0.9926806017383083,0.6634161166220981,22.257599554441658,22.306654362800195,10773,175
0.40646098484874427,1.4362698695130993,0.9902216337339148,0.697532914779337,23.64695945945946,23.632204769913955,10360,190
0.41667130667470365,1.277175206586702,0.9927869910398219,0.7222967114127054,26.20462162690653,26.180492143434478,10228,202
0.3671724356351333,1.4483668175687716,0.9891458606427075,0.5994128361807753,17.758615598057677,17.83794618521273,10091,187
0.4170635919530618,1.6383318307632484,0.9911268086882167,0.6283082133763749,20.901877119489328,20.981443941803793,10026,109
0.41646888289137435,1.335311006550357,0.9928655252612567,0.7766335130686494,23.019433962264152,23.02243734180468,9964,15
0.4255997393041111,1.3784342975015618,0.9929507279017812,0.7493565208381542,23.035523492030418,23.062031638794036,9599,64
1.3761466950467376,3.5313646199847883,0.9819247461852686,4.082875936242035,34.76588723225535,34.08324376371037,9524,93
0.33792778807752843,1.1322863210073233,0.9923749466509852,0.6118409884108028,19.370993662047482,19.41470457218509,9309,240
0.429045495561821,1.4015948737054764,0.9903035929426823,0.7430667289659603,23.330015553827348,23.307576077893124,9001,54
0.34458514644457283,1.1150230382261936,0.994927520235449,0.5824710813140129,20.619897645854657,20.655659170423615,8793,172
0.46044059194290593,1.3728084716573001,0.9946377465870083,0.8676300515900053,27.007387557549283,26.996079974005358,8471,31
0.6250238923177975,2.232524652844299,0.9886337598491722,1.132781307744282,26.915534113545817,26.99436897680492,8032,201
0.3591833471683397,1.22771689565347,0.9933214115147936,0.6553505631346354,20.407176639665533,20.444829769870356,7654,6
0.5103236878025694,1.8266413714643022,0.9908332301062036,0.906377381084414,21.82807794508415,21.936658741420935,6774,84
0.6883363191804288,2.1413914880250413,0.989629345628884,1.336053128406325,24.89991256830601,24.98811991101576,6405,44
0.3737301905627736,1.2267782540449703,0.9944426240729896,0.6269779552335395,21.901769376181473,21.958541412357505,5290,176
0.35009314382959117,1.1924387562204608,0.9938724383441007,0.6097219970382053,20.54042509286009,20.58445895838186,4846,58
0.5915731688493692,2.1457944370436106,0.9878756600084749,0.9790787323568726,22.423448036951502,22.546760877375633,4330,5
0.6040468907565566,1.8735648711165467,0.9909100000210109,1.0977092259949588,23.55851370510397,23.670509978120208,4232,204
0.368776043678448,1.1693463792717989,0.9934763252965833,0.6060380326681056,21.7115187327131,21.740336456728553,3977,128
0.7585335431737907,2.3553974318025714,0.9870122129196047,1.2379181904139036,24.498918340026776,24.202227255531135,3735,57
0.20288158237912765,0.5001309021992942,0.9960314350057824,0.42456701924422935,14.38324729392173,14.374127250425017,3603,207
0.5427761559634566,1.703830788076945,0.9893200998385071,0.9617583022785965,29.26889771941949,29.350301621131667,2894,46
0.32341212412959713,1.0565834451335396,0.9956012267433937,0.5965548636526674,19.731408921933085,19.72099789979454,2690,184
0.5278039413715665,1.6989122268567824,0.9861217072740613,0.7991324041356506,27.96803482587065,27.92180346480291,2412,194
0.7082262648696599,2.3351358803937146,0.9858620424782718,1.2287339293220483,29.023613445378157,29.055227043451023,2380,154
0.33018869893443464,1.012309461401702,0.9944742105179151,0.631013291029521,21.0157736013986,21.045176660035658,2288,96
0.5218948052435889,1.474585697087053,0.9907495797890021,0.9440354714562005,27.442385740402194,27.34023214528607,2188,12
0.2738470481433188,0.8012545922668732,0.9946729456510581,0.542284182876973,17.48810410958904,17.50822338573469,1825,59
2.373092793317073,4.885752917760347,0.9738168610269792,8.414402351234644,43.93079031230083,42.404026311939816,1569,253
0.3627145500021584,1.1215393242171876,0.9930123924480007,0.6613261569387987,19.756717612809318,19.81468258684832,1374,120
0.7831039381766202,3.8649164402365397,0.9532265379712418,0.9195318891997946,22.38066746126341,22.37942746446442,839,265
0.3556372592709747,1.0665459946057312,0.9939452384345977,0.5867048282226364,20.884411764705884,20.922769789229125,816,111
0.46721167378654915,1.4343120296122494,0.9932200617521463,0.828001898997771,25.09766570605187,25.22224859831055,694,30
0.8163172194280818,2.0850160926478774,0.9911125381218331,1.7427846644927107,31.478492753623183,31.60865843688048,690,27
0.26861757340516446,0.5734290529533871,0.997969488710427,0.5401781120241002,19.61525305410122,19.601242673753433,573,8
0.458975839377731,1.3896108180426239,0.9897420445750665,0.9179543614621327,19.682859848484846,19.819436663396978,528,99
4.459267282520754,6.517561953933564,0.7092574619201774,11.880429634034567,54.20730158730159,49.99357601650601,63,1
0.38561520788278253,0.5591918983511555,0.9991186963731048,1.1349740574189262,32.31533333333333,32.17603060567169,30,2
0.4393417011991289,0.6671999617482811,0.9986609787743572,0.9918812721934838,23.686842105263157,23.44898247975731,19,110
0.12714524169777253,0.15364309327663228,0.9982849838747014,0.21958449025395377,25.9375,25.943795927582528,4,105
0.6310606793667901,0.7436222019640186,0.9932954459188683,1.0751929181150466,52.7025,52.07143932063321,4,199
