mae,rmse,r2,p90_abs_error,mean_y_true,mean_y_pred,n,PULocationID
4.581834870954253,7.599336063977645,0.7491720197778045,11.019973137639031,23.41195644258848,21.18083948867376,269162,79
7.401823585986793,11.002949456046307,0.7137485044481027,16.385701201813895,41.13156395965151,40.87033797411383,241496,138
2.939425242205779,5.269318226462353,0.8483262053696471,6.695975432328676,20.548952011211444,19.29973949910767,220489,61
7.249662454116853,11.96828580506231,0.7686164625934236,16.977597704540695,51.22277900583535,49.442515230729796,213526,132
5.3835365872200045,8.871136462331906,0.7422083452159649,12.940997605506983,25.88399147181664,22.753177642704372,205671,231
5.009547286027843,8.29647612454483,0.7745160956502168,12.075314734585671,25.39021414269047,22.231428666915793,196271,68
5.443013434993051,8.726074758434487,0.8138860881145978,12.500547328281783,27.91834135208488,26.414597518642744,194544,230
4.886442033792763,7.912516841747148,0.7450706234872596,11.54512450814447,25.208395649218218,23.91497843039875,192701,148
4.6309533076641225,7.7142174072461,0.7876204944852933,11.044096491092214,23.543482344728424,21.408096912411157,191954,234
3.252139960556811,6.064172116928795,0.8133706132840626,7.628693589135072,21.533935596639363,19.91875306922214,189369,37
4.894457867613451,7.967177819972334,0.7564420071481948,11.700917713282093,23.954348421838343,21.439297649632667,187560,249
4.4439025173355375,7.584788947223045,0.8064209906418925,10.690601151731652,24.827638965022725,22.270236215648723,180603,48
4.931402110922943,8.088972308382756,0.7686570714523383,11.75128625622946,24.456940913449746,22.035843254025476,179364,246
5.361292496688578,8.61103771012258,0.8064592551284483,12.323076204762554,26.329551500624557,24.13653683887598,177726,161
4.758612557059243,7.96820281923105,0.8058212313606472,10.99090691894405,25.120319958293702,23.225741622949005,174554,164
4.180606410089635,7.191181269961545,0.7640179698246128,10.058745475897886,24.72913615510103,23.284779726584684,169799,255
2.08711114359147,3.9176716280823904,0.8954597520600831,4.615840334375455,17.737079404184577,17.309457516989877,167233,76
4.283712008229101,7.231044056975569,0.8131840883426049,10.350463528729675,22.918946035040594,20.681170336571412,163810,170
2.3979562833881283,4.50568340100805,0.8731464854665136,5.500131288992431,19.462824355856245,18.78455061412512,161998,7
3.492907613539011,6.249498581263688,0.8204733455080752,7.92425850776097,22.841142601710633,21.388040886914215,149886,181
3.8909632757414214,6.815128395916109,0.7685061457729268,9.304719113031865,23.198920162715204,21.458480710880977,146022,256
4.864548066260453,8.58985636388987,0.7677493897460077,12.366515790347446,23.69408685945801,20.365295847994936,145131,237
4.048062622689209,7.2782011567459355,0.7692473075605137,9.926588526942307,22.90912417600011,21.65743805597689,143659,80
3.2301465335794006,5.741967627426818,0.7996450530495718,7.429857925326964,21.69512143773353,20.60948298977874,143448,112
2.8049225376518616,4.96918674019377,0.8614988542874167,6.433042832741172,19.929161442990964,19.31225699034925,143258,42
4.401945896364005,7.477732675067772,0.7801318092889213,10.878254620543963,22.58552438058604,19.89283283837706,141424,107
4.680172641748582,7.819903468908177,0.8238106122036484,11.208218676238259,25.203361609429212,22.87674692262271,138633,162
5.2533612675158965,9.006962680381164,0.7914711780471009,12.844738684531187,26.052287911577174,23.093693376985655,137702,163
3.205627294465278,5.755165384599381,0.8180082915901172,7.573756430409888,20.47214742004016,18.774108217466736,137444,17
3.0992991983646454,5.604818327125007,0.8313698209311163,7.174644670833,21.15270952017384,19.75309774174601,136216,225
3.4586800707673437,6.583917709978219,0.7897778385119532,8.377524381117942,21.726274818713883,19.68472535188566,135835,36
5.253032667409011,8.677502620063985,0.703479725281893,12.93331362817863,24.29377316508624,20.621402326205384,133930,144
2.393994781772755,4.403689152608496,0.8962014361692368,5.310542842781294,19.94672117200793,19.462783761006033,128122,89
3.090498868652122,5.314766379202296,0.8394377432371616,7.014163365902738,21.72483283722387,21.434792767479042,127660,145
5.0823537276539295,8.318915419867253,0.7980637806166918,12.192311448817968,25.812776522280046,22.74789712841152,126997,186
4.6067056006176275,7.848890803890761,0.7735672387734834,11.261154696698062,23.19293797503249,20.193071532149997,126965,90
4.653550309654515,8.209799432733957,0.7640852784030446,11.735760601415416,24.236436293802452,21.464398705483035,126534,236
4.880785814475474,8.139509381362998,0.739076706763658,11.773613068386993,23.965063429129756,21.082181132907984,123839,114
2.6669029630692065,4.827606858049788,0.8725674902822387,5.985004291762248,20.267636351737167,19.475858565137237,122239,188
2.2566905927361876,4.16633639059699,0.882796372620857,5.016486253848373,18.379872328477525,18.00530153211065,121092,129
5.512358004569512,8.996151635184209,0.7240652783558653,13.375833201169087,25.24144582820658,21.442378538982876,120284,158
2.9700350218076146,5.226397327871824,0.8548005701416106,6.796892696509639,21.47058217080925,21.04208438988882,119209,244
4.563916712184143,7.952618049632634,0.7926065348787968,11.193558813944154,24.102974833041618,21.79669816797214,117694,142
5.137811012647893,8.408930984172738,0.7672559913067293,12.395703075150124,27.346443745150445,24.52263511768325,115990,87
4.690373272623631,7.958792995031538,0.7563892434666842,11.681961978294606,23.280942577516022,20.390635299547892,115460,113
3.819954929718242,6.653324905043727,0.8255993924804603,9.151733554816246,22.90491928691137,21.118726652292356,115161,141
2.2078718920840523,4.250695851770508,0.8946658933694562,5.041281643110331,18.144837343214515,17.76660741050742,114966,39
5.8522231938892375,9.552550390949278,0.6712828405143223,14.382853254749396,24.861207835465787,20.498514557482903,113484,211
4.16969122831029,7.1780762948578545,0.8186825408887594,10.00495040063621,23.66531886024423,21.541982283235985,112024,50
2.8081983970409135,4.919568500844909,0.8443873134984522,6.368089550391962,19.690059475752197,18.937137573464742,111474,74
3.8804478805061002,6.75472462111882,0.8211518106310983,9.402473299254096,22.2785441256091,20.271409434124752,110820,229
4.204596497491346,7.409361926088714,0.8015248674928488,10.345803936288025,23.873487838122156,21.788799070850935,109317,239
2.1819248183036533,3.9163006534099254,0.879961942345897,4.859617449929447,18.03381300326692,17.776777996991722,108665,82
3.083721825767562,5.725721588596037,0.8394082662436251,7.070633581599394,20.726984721876974,19.386727179257242,104594,41
2.130299910921628,3.9820349684043372,0.894824038091975,4.741026610078521,18.497994864545166,18.460718946708933,103983,130
3.744398694473982,6.560760018489304,0.782083976869861,8.745964192705005,22.545070031006095,20.946957704815304,102883,97
3.9761718844887968,6.7429779333235365,0.8206152033825387,9.45205174385285,22.307375029198784,20.475927428855954,102744,233
3.930996282427225,6.550611355894403,0.7971445988429443,9.489279503464719,21.712527152031736,19.655367683270345,101834,137
3.362246576345265,5.996216493210286,0.8046909615737536,7.90257508326858,21.591057938556407,19.983525417448543,99571,49
3.3222905976515693,5.809993579414688,0.8417759937628817,7.669361141554029,22.305528396256857,20.909454785334695,99168,75
2.5836173517006027,4.910175141081699,0.8644361932126081,5.704489716878547,20.550262521868397,20.24906056987273,98887,95
2.7293862742399364,5.264991248055401,0.8390430801703403,6.258020960378422,20.38768807073489,19.35448987553859,96586,198
2.267368336214344,4.222969526822638,0.8822648605520926,5.147900390447549,17.781104074461798,17.217429317236377,96479,35
2.3853682439704085,4.300630832102836,0.8652253109421717,5.303059446588767,19.458545424164253,18.884931805402818,95753,226
3.7382847379239754,6.38969014962117,0.841393137651013,8.787877239836774,24.014420682951304,22.66380792019923,95673,140
5.217272647735125,8.555351780136185,0.8038520030953133,12.411744971711848,27.498252387276292,24.354549034231326,94878,100
3.882887061623547,6.771301404125472,0.8102673485137529,9.325607818516502,23.93383406696889,22.22808469129646,91326,263
3.9247988220706835,6.955810982810987,0.8133739978380096,9.479540196826894,23.434296523765866,21.79534096251523,90529,238
4.16928892753259,7.20565976428566,0.7808596569513888,9.990776639154456,24.574958433896487,22.445365920095114,89496,25
4.053917094954004,6.951760224517704,0.8015337831994915,9.78292704386965,22.37223643744618,20.711634372180754,89419,143
1.9647130397631043,3.848794636373541,0.9036388778961105,4.432528402800696,17.56121476038194,17.435865394020496,88182,216
2.4686848749766153,4.365774149347262,0.8600960920976823,5.5351211367144995,19.092810823232032,18.793354941436622,87035,168
2.7677455065341423,4.9137718551427065,0.8670493829678274,6.318954333721426,21.104498200007125,20.614288811329704,84167,243
2.3529907981944285,4.686794438853991,0.9031480561518033,5.5455513427056395,20.4673982215232,20.262529906131896,82655,14
2.2764657269108133,4.1951828611859305,0.8837969913578259,5.022167312008837,17.64559037750712,16.90864364799268,82515,72
5.630980291434087,9.138361887973813,0.7175636004868275,13.845347902495456,27.19162362795014,23.25326247024259,81903,13
4.285803902481233,6.874654058058122,0.7530107258035654,9.878460934109103,23.16217394514379,22.259869309798724,81267,232
4.661501130416796,7.818373592123697,0.7422347155292126,11.230334094382235,25.764243532235167,23.020094964085676,79587,33
2.383387783582277,4.531391038607193,0.8797162524359962,5.465755021919604,19.863199218503816,19.266008529132854,79335,223
2.216807102097961,4.183040760472413,0.9016904641394189,4.977466919464648,18.550880909619814,18.139897471323213,79066,91
2.1744409360051593,3.9069144480583655,0.8778737521595016,4.860863249737664,17.72750692378045,17.618405921069684,77631,213
2.354366245876229,4.105272653526864,0.8767350960309758,5.331581678858309,18.09990410832598,17.514353788882445,75919,69
2.728029421680694,5.401490963862191,0.8687025383004261,6.120598394606918,21.26189006521108,20.528914634109316,75754,228
1.9290707682441859,3.7324340833150993,0.9186744561286935,4.262013801391514,16.687022019902606,16.07367362245504,75568,26
2.1153584259311398,3.785343142250947,0.8842211967789755,4.7425169070641005,17.0229885945193,16.54237779181856,72509,169
2.888027657282251,5.15053229645167,0.8554210005670309,6.610016434525421,20.902397498746588,20.15680950888697,71804,116
2.8575738230375287,5.849804871840529,0.8592220783642421,6.151135673417365,21.301064895104897,20.750871576356193,71500,92
2.464615648061464,4.582917247934291,0.8687968693339188,5.573666628582241,19.050406105587452,18.18328113583272,71410,177
3.1848384165083052,5.771851893268293,0.8480142871147973,7.309644716432602,22.197815016230347,21.023356438036565,71163,166
2.1628281132510434,3.8993287793998577,0.8865729983852091,4.9109148320157185,17.579498243148276,17.108299845693132,71150,18
4.530656299520112,7.586043535956005,0.7527360932411644,11.007621914667677,24.992280071047958,22.589290094992705,70375,65
2.227110596844158,4.136193616647541,0.900223679202737,5.073001659760458,18.48014997498034,18.26772418897151,69945,254
2.4720950175935856,4.427621307296686,0.8691576964102615,5.589671912200933,17.836373475917334,17.451906557630846,69386,247
2.2121735952199204,4.171173946376177,0.8783026505100799,4.985853990021393,17.997123219633337,17.507101154926684,68455,260
2.3463713757326095,4.3696789248137895,0.888411077322488,5.318488003681928,18.448162455351238,17.65973796437988,68031,71
1.995576472614066,3.8581870322951537,0.89852606973665,4.5218585457697715,17.840175607302424,17.61365311045745,67594,197
4.034982308978319,7.06667879456174,0.7820277633025012,9.615203337489177,23.450888291333744,21.715950036689865,65080,262
2.3259982089669475,3.9775715259947195,0.8771273269269187,5.238211561980982,17.724456770937515,17.69730300670421,64991,235
2.235292709486292,4.016604740174475,0.8882415447542522,4.997871222038343,18.56310446365973,18.38887251993977,64185,174
2.2223945844618744,3.937086278175618,0.8728573890385227,5.017307405583062,17.28878099431641,16.820477349588995,64044,78
2.2076788905816613,4.2045189180130045,0.9058090772983091,5.054740956723106,18.973591964355506,18.96870720895423,63965,205
2.31755842723103,4.048887373155412,0.8755758788195446,5.2717595786785445,18.024121962402567,17.60900503763289,63249,159
2.0491886801372114,3.7711663352908973,0.8896313135150574,4.653145604193968,17.437761389973907,17.07282746230075,61699,242
5.674093744029369,9.265392240577327,0.7472194456924637,13.889607491763767,29.138088033685857,25.82584381570611,61272,261
5.959669960954403,9.860939452255295,0.6976145746157552,14.996327089633493,25.462905460002304,21.048632960842447,60641,125
4.433595869579427,7.30589368581348,0.7001504717912201,11.03314596700304,22.547650384744067,19.768606359802497,59780,4
4.568283694247157,7.661266972613949,0.7215315703691757,10.787867976618854,24.817291329184073,22.6873661432662,58645,66
2.240019401818294,3.983565685295994,0.8918364660063983,5.109592207488275,18.166822618072615,17.722314154132455,58608,241
3.7912097240066522,6.775469037872455,0.7836754336529144,9.0112346792595,22.775823142877222,20.365715412842512,56916,189
2.216639696865872,3.8755274470301555,0.8833187997469697,4.981612605373092,17.570680214357726,16.892058198803106,56541,167
2.427046228340677,4.294174724172543,0.8841424822157578,5.570192424323629,19.587942617089737,19.48722160082101,55940,51
2.985027520450492,5.393407915769574,0.8530900077647796,6.881299314695865,20.849631125276154,19.224153107585973,55222,62
2.3885491945326107,4.433409040794212,0.8859825191987624,5.507520504096783,19.070131755699904,18.64781682229606,54343,220
2.5133479486485495,4.563614596503186,0.8730582500835009,5.656581166553638,19.832337425348374,19.34346767234326,54252,127
2.533092758177875,4.752190188493722,0.8639725141061949,5.754326435210872,20.16081585601666,19.473346346093532,53784,179
2.1848644276434537,4.287807689084218,0.8944146115386922,4.8288768643816375,18.806019648534928,18.66337840138429,52523,10
2.155619630178093,3.7914434253711384,0.8844577247838433,4.8448024714448055,17.03320180013134,16.672958745813883,51774,47
2.06013608655825,4.114025317495044,0.912892980495173,4.597798895015274,18.160136655327047,17.740014091782363,51736,22
2.1711282166731283,4.23425246507079,0.8920502557932685,4.922638481766568,18.970700360307724,18.628161352015212,51345,63
2.4283027420698695,4.415967687526443,0.8533514455639513,5.436578954473852,18.03525988667333,17.432638697111575,51003,119
2.2096478878122174,4.224841164554007,0.8921599202683715,5.022145935166363,19.578313026075698,19.521795143220352,50967,258
1.99634276251806,3.8764596940172074,0.9034336036778318,4.504690638618404,17.595688438214534,17.277277074499214,50295,215
3.6044645079448268,6.4133790976107745,0.8251356481595414,8.43193819745819,22.83917597033574,21.175930159953694,49622,151
2.377789050090678,4.583518498582192,0.8815512714485836,5.449758357614291,19.652291616234972,19.634958194755864,49572,208
2.2500956819680633,4.0719338521203845,0.8979050151220395,5.08427654295681,18.751258223184827,18.564643481595354,49403,185
2.4862018579446095,4.660550045889446,0.8840044681737265,5.623542094001812,19.653361910467495,18.734611604485703,48407,85
2.14167390163845,4.30050253869851,0.9101497175571497,4.584734802489013,18.74443919520938,18.374982893785447,48261,165
2.2179515773425913,4.159085280194661,0.8897389435985581,5.0055959007106,18.308139306599838,17.60576483964628,47880,77
1.9323383006550057,3.9260008824665453,0.9252224958611537,4.41949566333924,17.725448338165467,17.800182727050093,47598,210
2.63643475089487,5.0505824505492365,0.8675570798335714,5.814446090046437,19.428833524245892,18.522792796131924,47142,20
2.3347005082782015,4.364683572191017,0.8987584465264985,5.283301693572615,19.173117990130105,19.124582038686206,46809,259
2.3264328074923677,4.2425568229376935,0.8702971493923648,5.138794085292522,18.72822893467967,18.261137195557687,46249,56
2.4194175583098456,4.5236012806640336,0.9013693139801932,5.435476081776865,20.18052904950799,20.199873090075858,45629,155
1.9839464203890134,4.244759630013398,0.9142799151394843,4.241126182855453,17.27278053821124,16.679703849143362,45484,123
2.311096324585779,3.952463522962007,0.8740540808697301,5.189977150011839,17.9775246522275,17.838676523898304,45432,126
2.813163289260563,5.544932929499714,0.8149583062471095,6.302301568305398,19.43826632372185,19.06499460821983,44322,157
3.727257486125226,6.52205613253945,0.8063248229874731,8.470791876061467,23.303797136148074,21.264477372915582,43438,40
2.9541046257961496,5.404276234780501,0.8516139123112847,6.758184296619619,21.700504341703827,20.582549246180633,42610,146
6.076473934166015,9.846249184936184,0.6967157111197426,15.069933780105456,29.186260113071448,24.97057986560713,41036,88
2.3707548049697396,4.4244596573820765,0.9011271102854985,5.490884205482052,20.530828983952002,20.45571922375573,41002,191
2.139851719861721,4.058780006280362,0.9050291812053745,4.981145617042579,17.887940200146446,17.884722662687413,40970,81
4.838464647135211,7.943877326673635,0.7112290157153657,12.00236152535878,24.03150642379663,20.786519850250833,40241,45
2.073329415344141,3.7352817953109585,0.8824295462581302,4.7368834675377105,17.096800434387312,16.80558820559354,39596,212
2.218451221703283,3.939606446943853,0.8857920339161289,5.023362368818729,17.770315936154045,17.232617578205893,39470,136
2.3482870657388117,4.264155510142024,0.8807688654658983,5.172031657580025,19.378566210045662,18.980301686950927,39420,196
2.16729635510061,4.006762698671646,0.8960510007098228,4.907774723605375,18.3257971976213,18.32152390310933,39181,32
2.0624361891509895,3.9081418114510567,0.8918904799414036,4.806873758945582,17.618081107308853,17.315161379342594,39158,250
2.0740741940252967,3.7208951200074103,0.8863888046161817,4.800410563587533,17.35361319378694,17.20168807497599,39079,248
1.9832803553628682,3.8690498815631167,0.9233278165946461,4.378946419809154,18.083244594906517,17.604681795660927,38991,21
2.222668897512804,4.102704719064512,0.8902684186703499,5.132046178143472,18.513114994973318,18.22886494014459,38793,182
5.313670928778003,8.800055475090675,0.7289597137800365,13.201214543916636,26.313889050785495,22.952613743966403,37747,209
2.247193507909802,4.11062174974663,0.8809576144069475,5.0577007875686135,18.39609563022978,18.411036056892343,37645,102
2.661472571896584,5.350890884376391,0.903562795571785,6.095758809431663,21.87651461078166,22.00294675642954,37267,55
2.401616584597219,4.437759465071987,0.8842658444022911,5.292102151411446,20.441311206495886,20.057612518586183,36577,121
2.2993338360980298,4.25328001282391,0.8922166987188718,5.231716392772573,19.72877654446801,19.471464571129186,36307,28
4.290268403003116,7.08907040742768,0.7481065990566371,10.514878356690913,21.62460146025623,18.80038189679987,36295,224
2.5125986610729494,5.138048968634098,0.8461813773522427,5.330476297385353,18.62251198116645,18.143702400802084,35681,173
2.172258641087389,3.920558057950628,0.8749045756664076,5.0108488346517035,17.056605012770493,16.785727673134815,35629,60
1.8904111573335172,3.8385471555007684,0.9237739390542681,4.140170189165644,17.242233045240845,16.952149977901662,35521,149
2.3182194470209354,4.426830697373476,0.9109876648153097,5.320098443662747,19.759543768545996,19.096701115253257,35048,227
2.9364385642714175,5.214936026997624,0.8444153888659509,6.812366086133409,20.489388206882673,19.69352570133906,34783,152
3.336663507706265,6.012583261561108,0.8129403745064248,7.5967700926124575,21.793749555845082,19.940804672084994,33772,106
2.279619962901814,4.0439163637222855,0.8730755592806992,5.199178660695355,18.07837087401905,17.73033741868871,33386,147
2.8156554028653518,5.68557512304254,0.8526217389355362,6.199500558871323,20.618089911355003,19.663711575734997,33166,70
2.2422068881421495,4.157494281322828,0.9032209196040043,5.0647803396736935,19.194883586450377,19.07279523775037,32857,218
2.196556798533148,3.9306970982225464,0.8866576416765782,4.939512911396947,18.941436988643304,18.699669567403344,32756,160
2.188171820242467,3.959915045628398,0.8961018792376494,4.9437688762123875,19.297534338768397,19.111116943721953,32689,134
2.294399554338944,4.0256447491397545,0.8801043233670663,5.069453279710551,17.664107438523335,16.84415751911355,32614,94
2.0724699766993244,3.9555274717434608,0.9034516021898114,4.760976469426895,17.69826664602044,17.592034708338897,32290,3
2.1223125830638176,3.8471652352004124,0.8921053387688385,4.8446819583411544,17.552007672634275,17.07077262353411,32062,83
2.38782084772334,4.4039466045747355,0.8969573105958705,5.352143308585291,20.047531112387517,19.21459212978603,31338,133
3.574134560339565,6.1644312861196155,0.8004370066828607,7.890544679348831,24.144284835733938,23.12743595938114,30895,195
2.416112147878288,4.753928805459765,0.8937291398879895,5.5250932330458795,20.586319989491315,20.454677378987387,30451,16
2.0714389381056066,4.288703157259276,0.9243792014245411,4.609904656778353,18.840205063543152,18.46571062989074,30137,29
3.1738370419454327,5.849078788304387,0.870321655278338,7.189579351391215,24.077823081311454,23.753203768101624,29799,200
4.843110970086678,8.408827642890207,0.7364335867822819,11.997890088569449,23.276023213194865,19.63226338382645,29466,43
2.1935231052603585,4.268537032395174,0.9115477575133379,5.027264092433726,17.99466500392907,17.953464650796434,29269,206
2.290033694303768,4.2553133701313595,0.8972081083212535,5.129841343553453,19.75738355974494,19.769111203541236,28856,219
2.17252870273618,4.470767070470239,0.8995998347107826,4.955907014867241,18.90156922218736,18.46100107084364,28683,171
2.3041924454756306,4.306192070302332,0.8944675939517176,5.0957629392057,20.216278907824815,19.942449891917402,27285,135
2.1283608912223624,4.035109117601389,0.9166101750705321,4.90799605236597,19.075872922704427,18.95486197896083,27259,139
2.8165527754960364,4.954462707547619,0.9291797785880433,6.667006276576072,22.988415815560227,23.65126660167624,26632,86
2.2980782912244218,4.37803061304034,0.9003360165905908,5.154191537131094,19.384535425255766,19.337521556983994,26196,203
2.3158191881366097,4.332636880339652,0.9003948645213475,5.327415285285784,20.331801621859146,20.031493776588242,25033,131
2.043297709143274,4.123032388665973,0.8928514372991527,4.60379371090358,18.19450780937125,17.84554832991878,24970,180
2.262555977951288,4.513027555648384,0.9041808444154554,5.371830516655531,19.220233941635183,19.01937020860121,24878,67
4.24841222764661,7.335912875151451,0.7522856220133605,10.451404815780105,24.128407790626902,21.528534429151055,24645,52
2.900479057613912,5.228708333732884,0.8645836846272064,6.52534492449925,21.790476347317718,20.56381365328693,24289,257
2.6246866804750355,4.754148550720036,0.8992084988333263,5.979137840271286,20.172756784174485,20.990111468163285,23658,23
3.472900890837647,6.134173983101079,0.8224995747895208,7.970330421649579,22.04217318794099,20.00898237687854,23385,24
2.569641295451182,4.813673804112623,0.858280954102938,5.924520631777445,17.2107543966568,15.776697277678583,22972,217
2.06082740977139,4.268797122493848,0.9176249065868464,4.682771515627477,18.568822452442618,18.605796177687374,22394,108
2.5086897300197566,4.512283932311118,0.8768659424562192,5.60554442030013,21.241958936858385,21.368175106193036,21333,53
3.0282059200682916,5.519625381184337,0.922655572416452,7.113758682669013,25.32066691697564,26.03899578604364,21307,117
2.3362085244269424,4.514464911951652,0.9086973499067925,5.355045573242632,20.233451373704728,20.25592170492701,21038,124
2.5700029824668467,4.764484738096625,0.8743900929944506,5.961719958833752,19.94520195295162,19.09352460935521,20277,193
2.232928559262494,4.332109774702265,0.8866362597509153,5.171366178004644,18.59238583270535,18.467665396780465,19905,183
2.31314420561232,4.6199342663474,0.905642113004234,5.408572499172441,18.40763091258989,18.252272097505028,19746,221
2.2512153943354716,4.243085733439624,0.9090674980027592,5.0882847576834145,17.766582683669785,18.516301910795505,19369,156
2.557701411153293,5.120752515820876,0.8700932837494542,5.548497117477531,21.150547318037564,20.825377162898537,19221,252
2.3221109257208656,4.436971592859887,0.8859487595235372,5.2000370294966825,18.922398527979215,18.425595776134216,18478,222
2.2014892393506456,4.070679443930804,0.8860477615683178,4.735680519757131,19.276140066028038,18.7892008574462,18477,192
2.3088407616252242,4.490330689796472,0.8944570846540983,5.194069443989702,19.95824196069674,19.662840260810537,17912,122
2.4663330650551982,4.645545138059724,0.9144324915263095,5.826889462127605,21.54033125185846,21.22515125864411,16815,38
2.079913261940846,4.2859151111894755,0.9125463761058353,4.464744488002547,17.4559884102993,16.621493505392646,16739,178
2.7022116686490185,5.072661490181375,0.8957407709820603,6.063523582455183,21.1556052599976,21.358420701170616,16654,118
2.2146865724704146,4.445917832024498,0.9019893233234203,5.065179769553953,19.14218262806236,19.210374410078217,16613,11
2.194720829236404,4.644771986048789,0.9150088695831047,4.8508148182399,19.444992154647586,19.055213833729642,15933,150
2.0116295799726815,3.814215441248619,0.9156735545883503,4.389189770478195,18.249683160571095,17.660529310548092,15339,73
2.199241811484635,3.7583872512867678,0.8878241805282644,5.064414009471031,17.039848836438374,16.634016948282724,15083,153
2.280576102643857,4.1858639620740865,0.8971387316291924,5.1219501596445,20.44527576791809,20.415450813958326,14650,98
5.236626142552139,9.338657334007616,0.6786140779051022,12.856119803785257,25.70684232509572,22.391812730988203,14365,34
2.2539878045832977,4.548113766335183,0.8899149503494258,5.033637396513138,19.823564414053973,19.31621082125913,13747,9
2.7968176270332887,5.232641620440938,0.8834399797600045,6.284866920694612,22.87932036559644,22.91458002697848,12801,19
2.9584243339235607,5.216652386739269,0.886818025044102,6.6159270011004345,24.704140495213988,25.187821945676724,12641,101
2.3540574730955393,4.669387803367023,0.8980644674256003,5.43407411713882,18.304859480905936,18.490058607629077,12098,115
2.1904290295316287,4.61209529400246,0.8962734765098668,4.707456830527837,17.758243591949082,17.442219849224525,11626,251
2.329527174977746,4.5829447945507,0.9106680525578708,5.422357958694941,18.425953391665946,18.553109888661222,11543,245
2.5335813533073566,4.873465598890591,0.8987357855538674,5.724203812467178,20.975186645636175,20.85000168516717,11412,214
2.525477168281768,4.685979225966486,0.8885233439170899,5.661979510506993,22.25759955444166,22.23144810909708,10773,175
3.8550200359678657,6.857533352303234,0.7770897402659243,8.460148708661494,23.646959459459463,21.450628673451288,10360,190
3.8756591208704996,6.582824261781161,0.8083803530497913,8.696660001707892,26.20462162690653,25.028730372617414,10228,202
2.1621949563855565,4.201189768012877,0.908676434630116,4.895856183385394,17.758615598057673,17.986773087768345,10091,187
2.6019923798203286,5.128900266061195,0.9130389819918133,5.850103223605657,20.901877119489328,21.263991164883144,10026,109
2.7896909287884126,5.100729451437583,0.8958973645108702,6.542079215826238,23.019433962264152,23.260254676431256,9964,15
2.8487824269245965,5.303025017096171,0.8956675309148161,6.2861887834369785,23.03552349203042,23.508974187256676,9599,64
9.077381048300602,16.56951111381246,0.6020590150046328,26.977482641973893,34.76588723225535,29.02102475208876,9524,93
2.638061727381887,4.668952773268729,0.8703509534506861,5.931489456053661,19.370993662047482,18.813189058809,9309,240
4.137313431205824,7.12742813140761,0.7492554329256238,9.648567600089283,23.33001555382735,20.70179221286392,9001,54
2.463537644461101,4.396489729241378,0.9211385482631458,5.605246642925759,20.619897645854657,20.640330647727193,8793,172
4.047608306973368,7.368544737098302,0.8455133760700699,9.755361470113932,27.007387557549286,26.04821366485497,8471,31
3.0777963888213034,6.002174254890632,0.9178435811217811,7.38583882077278,26.915534113545817,26.737759589107544,8032,201
2.4811851167989163,4.848832248687509,0.8958252329358816,5.7982241977286835,20.407176639665533,20.19286369516685,7654,6
2.8462206208626832,5.641417915322145,0.9125648021622935,7.079272801457829,21.82807794508415,21.834391413414956,6774,84
3.1503206331816527,5.733317208469915,0.9256594178042346,7.4873483601701984,24.89991256830601,25.645653354988312,6405,44
2.513919247607518,4.55699963743595,0.9233176126191329,5.603718104398263,21.901769376181473,21.722776822885464,5290,176
2.5082665436199774,4.797088126012989,0.9008321454024031,5.914017601121812,20.54042509286009,20.416995207086504,4846,58
2.7061038298159383,5.376618851022848,0.9238797200096013,6.758885168187034,22.423448036951502,22.617122248839728,4330,5
2.883794800008062,5.43024939761986,0.9236399921043877,6.9697719601293375,23.55851370510397,23.322753972736326,4232,204
2.9473369497568886,5.451566911975979,0.8582090081053915,6.66565468219994,21.7115187327131,20.5393091896412,3977,128
5.383682080758459,12.071007675480327,0.6588904974637707,13.102477771791287,24.498918340026776,21.07968898191043,3735,57
2.176118496096883,3.3926772630317754,0.817378790645708,4.477468925538305,14.38324729392173,13.19168390832946,3603,207
3.623165818817176,6.30038546728896,0.8539678391092492,7.960537269884332,29.26889771941949,29.93663696345309,2894,46
2.5225713731984944,5.26237139288692,0.8908843703753112,5.883705740295263,19.731408921933085,19.230807414051583,2690,184
4.872986417833384,8.366997938289561,0.663384985386795,10.37794668167427,27.96803482587065,27.195325425528605,2412,194
4.117614951689289,7.090485550399026,0.8696490168629858,9.569507639612812,29.023613445378157,29.084289417333974,2380,154
2.546897139992354,4.415616916882895,0.8948642249569819,5.870291617307485,21.0157736013986,20.91351175653553,2288,96
5.972425691028212,9.56791882506556,0.6105458002768044,14.303460900281406,27.442385740402194,22.811095938871578,2188,12
2.396793300538151,4.088321987489544,0.8613128416939291,5.615544608887691,17.48810410958904,16.848181569816507,1825,59
14.536732833504423,22.95282457481324,0.42212888644563407,45.2743056299505,43.93079031230083,31.456832226008597,1569,253
2.781521295378269,4.825041351372859,0.87066931631523,6.9078166226444795,19.756717612809318,18.890695859984184,1374,120
3.624278622632861,7.155423422954465,0.839679161707954,7.928450736990985,22.38066746126341,22.721290085963616,839,265
2.8216532089639923,5.70198419895764,0.8269427149009333,6.016970634619394,20.884411764705884,19.62836300915716,816,111
2.9622960452796856,5.16809214389956,0.9119764351327827,7.440744188475587,25.09766570605187,25.228346837568672,694,30
3.7512950887287535,6.890198983515331,0.9029439848096154,8.886265538892342,31.478492753623183,30.312459891514415,690,27
2.5717836780463474,5.084439665302234,0.8403634920211169,5.1866382085894855,19.61525305410122,18.19529430067234,573,8
2.566607671857366,4.1981620326309885,0.9063747850040952,6.606498655078298,19.682859848484846,19.355890494135988,528,99
10.005389504663492,12.047644226129492,0.006558017312180975,18.530295995804973,54.20730158730159,53.67148048598076,63,1
3.4215239839004257,4.653535045769014,0.9389662866092938,6.495085185253259,32.31533333333333,33.16714265499285,30,2
2.1680267514326346,2.967044811560713,0.9735196545144817,5.395873555347462,23.686842105263157,23.35738017378488,19,110
1.12061329810345,1.2271516665488433,0.8905946382433618,1.6770567437078292,25.9375,26.047017788376053,4,105
13.222543676768527,13.681932529768963,-1.2696562776701121,16.927622886028388,52.7025,43.859917255896505,4,199
