PULocationID,mean_fare,std_fare,trip_count
1,60.73681515403831,12.807643769070973,2402
2,33.86013888888888,23.745491713591324,504
3,17.780676912876476,12.724816461734937,401189
4,22.50759536946808,13.928581485275537,613666
5,21.768326573564554,18.58358123916181,45613
6,19.922799768402534,14.551103446774766,89811
7,19.023290479329393,12.559691442988758,1714270
8,20.176966370205673,12.89221260320488,7196
9,19.504922122197158,13.4522004028275,138743
10,18.65463085306686,13.159983520213977,632553
11,18.79390661143401,13.865453863704298,188053
12,27.82167755778796,15.487081218131822,20506
13,26.330958856491694,17.181306291998553,765224
14,19.948446577362116,14.477793857480295,940079
15,22.834275794476344,15.462482039983117,108153
16,20.68575599061992,14.463952423366267,314283
17,20.35848689398893,13.630405699585365,1602776
18,17.826366902549946,11.99171696815886,888999
19,22.05923531327727,14.642950801967935,135088
20,18.659770942982455,13.28259797040393,547200
21,17.731104605543802,13.722645162959932,452433
22,17.74234595269354,13.400048723747558,604019
23,20.218366113480627,15.179344990840175,247355
24,22.187559389701505,14.78387163431166,256989
25,24.297088762772542,15.173605170574422,920138
26,16.29574437468652,12.621549666334047,867285
27,36.52630190007037,24.19967371287218,14210
28,19.604876098672946,13.04827753325608,410609
29,18.308343432225005,15.100843042216226,352844
30,22.912295273748242,16.81166707944983,8548
31,25.788815671590363,18.63519300784831,87062
32,18.48521867262516,12.686486361935955,496770
33,25.692504202484248,15.347571121700732,794768
34,23.134156171637503,14.141806800890024,142766
35,18.523167317662868,13.121055400184952,1288794
36,20.944862668440507,13.881601193564551,1335709
37,21.40211738365115,14.016929648194541,2042908
38,21.215021071345443,15.568760111046128,201933
39,18.490610181951848,13.366326749031323,1485393
40,23.073422844076294,14.771087400504268,419391
41,20.7530911219131,14.346580855054011,1208008
42,20.269834783706806,13.696662653424225,1773796
43,22.96352529639795,16.28222733763105,282728
44,24.39468775013733,20.397168396903997,63715
45,24.024566403612372,15.07748991206926,383571
46,29.464649438030428,16.019855739065598,39237
47,17.605815986745334,11.792220149700352,677799
48,24.25882965128878,17.36977587848855,1656643
49,21.549146502188286,13.770247381077938,1045568
50,22.811374145096213,16.423497364000593,1025554
51,19.877241400770284,12.935403013336517,707011
52,23.799868542567364,14.417630956659067,244718
53,21.29357662781742,12.791666529909373,236298
54,23.177779522750075,14.213013646178924,91692
55,23.26058865029697,18.018708769867192,470585
56,18.29923462988523,11.742737646452621,539765
57,19.739986499566967,14.461159898571907,39258
58,20.28111716472303,14.82485180189691,54880
59,18.29461665832339,12.227129179416947,25969
60,17.580014707309765,11.677318060794667,473914
61,20.458073339070108,13.795693584392522,2648411
62,20.473858972418615,13.824879383338457,693765
63,18.936635781198152,12.783442275412929,626832
64,22.93512344849681,16.012551017381284,96761
65,25.044678643415693,15.287612533598509,728801
66,24.537007192071535,14.377423020901064,576051
67,18.6131029618687,14.141110292264043,284989
68,24.430242006444956,17.274100483304643,1716070
69,18.593967584557426,12.402390090790204,944920
70,19.619182119807927,13.60172503624528,357155
71,18.50564624710092,13.259002171087513,877002
72,17.928879344333254,12.716579003714012,1062735
73,17.951469097449316,13.036851912445126,171248
74,19.937028874154873,13.034266162349226,1377010
75,21.80625248455229,14.593554416804523,1184318
76,18.178085329414017,12.588040323078221,2182694
77,18.789155531110477,13.161307997775184,634529
78,17.67967086029873,11.678505577872727,808289
79,22.957876905659045,15.37194493076152,2441347
80,22.301411992698245,14.949711808226354,1333378
81,18.299433537058412,13.618351063928277,528490
82,17.93428544236729,11.357556719370544,1250375
83,17.288366694547246,11.498551442687326,349108
84,22.294887691332306,19.261944128596465,66246
85,19.377803059496323,13.61360627018025,617618
86,23.638160446326587,18.91869116409505,356331
87,26.7048160199556,17.427778327468,1045521
88,28.655152460635808,17.545325761044722,351271
89,19.687011045126074,13.57238486521461,1534523
90,22.47692238211583,16.51618086593704,1185719
91,18.55711332379065,13.417300765624898,987842
92,20.586198322304952,14.658492673878994,753057
93,35.59469023037735,26.199056114994953,110905
94,17.906299123752937,12.019763157939042,420087
95,20.169836533540074,13.078679723862162,1062848
96,20.546628228602597,13.202121208844124,25669
97,22.38610480438679,14.018762659441874,1124285
98,20.109800184346057,12.811313220142727,155143
99,19.403390923750287,15.46760657332872,4341
100,27.246855415094622,19.29740978491573,875451
101,24.16409569886836,15.147986446192034,133523
102,18.117122836851525,11.63852558730456,426924
105,29.435263157894735,20.469544143114195,19
106,21.37178785443285,13.597570021302078,338428
107,22.02902160389268,15.946043088587997,1316522
108,18.511741200642156,14.576529023777562,256013
109,21.289034211494382,17.478939473573732,106017
110,25.4335401459854,19.27491325085674,274
111,20.455591926510543,13.739876764315154,7729
112,21.493940981818344,12.881769431852312,1364122
113,22.754316542487633,16.25038276306489,1043386
114,23.713622403045118,16.216132518016874,1052964
115,18.47422395613665,14.767887713867447,142260
116,21.095889140512917,13.895060094504736,843410
117,25.930883011872993,20.33225318831641,312895
118,20.890143711300958,14.989693916227798,178622
119,18.704205399887083,12.571262191411263,646495
120,19.822053515868078,12.780266065049195,17677
121,20.270519158456892,12.70506283492081,383486
122,20.074090566211307,13.96462965962121,217410
123,16.53882592197759,13.67930250247901,513109
124,19.759956455293405,14.443242097989035,238835
125,24.763720717996748,17.917418565340952,542398
126,18.38007135252095,11.652794223695457,582320
127,19.78075320060824,12.822993645268387,652376
128,20.552745538219778,13.397165465044083,44545
129,17.948613410132044,11.903930111217479,1329189
130,18.51674488283954,12.577444132977185,1190504
131,20.203738358161928,13.752613386519302,272938
132,50.43468875856843,25.142652428106008,2102339
133,19.57132442101192,13.427200199151363,351648
134,19.194609704132613,12.293860837411954,352489
135,20.095658600347416,13.130707764191648,290715
136,17.962326221259534,12.046466756406485,490293
137,21.5174969241389,14.72955618581632,1051738
138,40.381983377971565,20.7960800832361,1999034
139,19.352763898614914,14.2948523915138,329871
140,23.497262854460697,16.017593356830055,1024761
141,22.330728902020095,16.007193824140632,1137917
142,23.525391109840697,17.28868701152708,1102005
143,21.90395146766698,15.565904277109926,883988
144,23.975823602973435,15.996471463733336,1219465
145,21.809532902043397,13.51262598613399,1204758
146,21.37956626377864,13.891736755324805,451242
147,18.502020302281544,11.977028755164405,426159
148,24.992346734035376,15.910116385323033,1629243
149,16.886635875692797,13.48916752581882,400009
150,18.868464598336146,15.344493379137631,184271
151,22.66880440374711,15.154264639619834,550077
152,20.71362777639679,13.385417500284747,410334
153,16.918826481997346,11.081921207045598,192055
154,26.078633019022185,18.575750103760914,18347
155,19.912905332960925,13.852105228585332,554945
156,18.177814270264705,14.641950093324166,233016
157,18.191898802469165,11.601881017885082,461533
158,24.541296607002586,17.25675730469949,1048984
159,18.71203028737898,12.218870958505429,834473
160,18.562822413444128,11.69334823110905,365602
161,26.441779580626974,19.48929131756447,1559137
162,25.228264395273843,18.69381654482914,1227382
163,25.865134777107492,19.676839887319176,1211593
164,24.699466465263033,17.99539213393032,1550452
165,18.239607055851305,14.056434226923404,554150
166,22.087649717932393,14.923727992010413,675370
167,18.082574450983323,11.984709451236089,742737
168,19.474385626357357,12.129144126552006,1115681
169,17.45847048172164,11.710287308356708,926697
170,22.485863936578355,16.75030030768394,1570694
171,18.53581083017774,13.694103955875486,313993
172,20.38996719485021,15.594751974801559,96936
173,17.632894207047006,11.993803692159677,409791
174,18.734682489381385,12.278881239969357,782588
175,21.979658014538515,13.996114705492262,108952
176,21.9447597008359,17.16908899745075,56825
177,19.318122416926563,13.127654389021046,891380
178,16.624233486764574,13.563272223182164,189227
179,19.7166159242679,12.765602653497348,592404
180,18.234086799151765,12.674049248156933,289542
181,22.313475959749884,14.487858056257847,1567101
182,18.688254104687793,12.45732798150725,479330
183,18.776357387155343,12.697521988959723,236830
184,21.141512180709626,15.029660339066709,37231
185,18.712174780520026,12.584122074967793,594929
186,24.833931663193365,17.979219012600275,1127650
187,18.185308636701496,14.658187914693881,117047
188,20.078313508025253,13.65013380604741,1489174
189,22.492591995625325,14.44222071553224,592501
190,22.542468509904353,13.888477904968754,114798
191,20.44897641074396,14.055878848374002,492258
192,18.940888961359725,11.895760621796821,208513
193,20.18775933284965,13.703063341699192,242584
194,28.24287819624638,14.887092408285897,23817
195,24.075021101085074,13.883151680249957,344769
196,19.08386905173009,11.899034415539882,448849
197,17.714095757480678,12.043481069610364,752171
198,19.97460901902348,12.815990566987743,1068364
199,37.484042553191486,18.049661885255993,47
200,23.310773192343802,16.003854294136385,291842
201,26.743424400436382,20.673132389177432,108162
202,25.94764826750666,14.95778515624381,103175
203,19.716871535414384,14.155438503034825,322369
204,23.423078817121397,19.750383364070125,40207
205,19.10645549843315,14.072415363083387,782141
206,18.438634507363666,15.1105973736011,335227
207,15.633889143954255,10.13718955177735,47918
208,19.586902229427043,12.95045759599552,573690
209,26.101791229699167,17.17924790610912,351094
210,17.53605688258604,14.067361994026836,560734
211,24.269129971051274,16.699813043179986,1052896
212,17.460262289208522,11.392399135249493,496818
213,18.190780070724653,11.5467989675503,1000217
214,20.618306772612506,15.134974470444185,134660
215,17.84410904051014,12.860558197576719,618339
216,17.47460825227143,12.412345158707671,1003554
217,17.153443127810974,12.839170235418509,266589
218,19.108033739866723,13.453533993284175,402017
219,19.67164014694779,13.495651052392414,354956
220,19.05148057014007,13.058184958948932,607570
221,18.451004377124256,15.056050376444356,237142
222,19.40286476082555,13.583628760977852,240034
223,19.489132869116606,12.869780967879105,831939
224,21.463829866679724,14.535041694500586,326732
225,21.17310820833064,14.001695885659718,1595099
226,19.087675608955447,11.665292283020644,1054018
227,19.43361596213886,14.653741061815943,403580
228,20.99570251074017,14.427294685434983,857994
229,21.950125858310447,16.222301811582266,1040853
230,27.669128261740227,20.33482623160099,1568028
231,25.158004500996064,17.36590525609334,1857811
232,23.155743579349483,14.092248931533346,873276
233,21.812199051713407,16.07593339878507,972069
234,22.897472735721813,16.66381714202369,1764580
235,18.168873717129895,11.865897087190985,840011
236,23.48147311827957,16.87246562130176,1254570
237,23.425396832205788,17.766945770969084,1375405
238,22.95771812193744,15.895003785191957,948552
239,23.17369314328236,16.33340347591045,1092549
240,19.30270797282282,13.074086744748465,109798
241,18.299230859565043,12.446695599202275,715292
242,17.544745698286476,11.464127247394487,726106
243,20.91222123087128,13.546138795843875,982946
244,21.42205822381588,13.879663048600225,1434018
245,18.47427123002311,15.317612878681237,122892
246,23.493382992883195,16.298919521050102,1589758
247,18.597279084573533,13.42399712040451,878017
248,17.71375440070934,11.556949030920908,497363
249,23.305276429830997,16.3586921926432,1681982
250,17.82648462948307,11.90300280029977,480140
251,17.442195150863775,13.835173676804212,126538
252,20.920023678963112,13.719190961623593,216648
253,34.723710316212994,25.827278126268286,15907
254,18.728223841745695,13.460747077901015,920847
255,24.39928903626173,14.837679457785633,1572429
256,22.818443540679326,14.127660042524486,1414576
257,21.43141988429103,14.28995786304594,246999
258,19.39125108396009,12.632939606194258,592734
259,19.354578178255387,13.963813132903345,575646
260,17.613218005049948,11.836467722853007,725552
261,28.71296038648344,18.503228453162976,579171
262,22.357118016052308,14.941971692281278,674171
263,23.006064563746484,15.49915813252873,947064
264,39.371428571428574,21.69733351263333,56
265,22.366258908359185,19.242431963360012,11927
